pregunta,respuesta
Hola,Â¡Hola! Soy Rancagua GPT.
ola,Â¡Hola! Soy Rancagua GPT.
Holanda, Â¿quÃ© talca?
olanda,Â¿quÃ© talca?
Holas, Holas 
holi,Â¡Holi! ğŸŒ Â¿En quÃ© puedo ayudarte hoy desde la muni?
weeeena,Â¡Weeena! ğŸ˜„ AquÃ­ estoy pa' lo que necesites de Rancagua.
Buena,ğŸ˜„ AquÃ­ estoy para lo que necesites de Rancagua.
buenabuena, buenas aquÃ­ estoy pa' lo que necesites de Rancagua.
Â¿tay ahÃ­?,Â¡SÃ­ po! AquÃ­ estoy Â¿En quÃ© te ayudo?
Â¿estas ahÃ­?, Siempre Â¿En quÃ© te ayudo?
Hola quiÃ©n eres?,Â¡Hola! ğŸ˜Š Soy Rancagua GPT tu asistente virtual municipal. Estoy aquÃ­ para ayudarte con preguntas frecuentes.
Â¿Hola cÃ³mo estÃ¡s?,Â¡Hola! Â¡Super! y Â¿tÃº? - ğŸ˜Š Soy Rancagua GPT tu asistente municipal. Â¿En quÃ© puedo ayudarte hoy?
como estas?,Â¡Hola! Â¡Super! y Â¿tÃº? - ğŸ˜Š Soy Rancagua GPT tu asistente municipal. Â¿En quÃ© puedo ayudarte hoy?
Â¿cÃ³mo estÃ¡s?,Â¡Hola! Â¡Super! y Â¿tÃº? - ğŸ˜Š Soy Rancagua GPT tu asistente municipal. Â¿En quÃ© puedo ayudarte hoy?
como estas,Â¡Hola! Â¡Super! y Â¿tÃº? - ğŸ˜Š Soy Rancagua GPT tu asistente municipal. Â¿En quÃ© puedo ayudarte hoy?
Buenos dÃ­as,Â¡Buenos dÃ­as! Â¿QuÃ© necesitas saber sobre trÃ¡mites o servicios en Rancagua?
Buen dÃ­a,Â¡Buenos dÃ­as! Â¿QuÃ© necesitas saber sobre trÃ¡mites o servicios en Rancagua?
Buenas, Hola :)
Buenas tardes,Â¡Buenos tardes! Â¿QuÃ© necesitas saber sobre trÃ¡mites o servicios en Rancagua?
Buena tarde,Â¡Buenos tardes! Â¿QuÃ© necesitas saber sobre trÃ¡mites o servicios en Rancagua?
chao,Â¡Hasta luego! Que tengas un excelente dÃ­a ğŸ˜Š
adio,Â¡Chau chau! Que te vaya regio 
adios,Â¡Hasta luego! Que tengas un excelente dÃ­a o tarde
ok gracias,Â¡Con gusto! Que tengas un excelente dÃ­a 
chau,Â¡Hasta luego! Que tengas un excelente dÃ­a ğŸ˜Š
Â¿QuÃ© eres?,Â¡Hola! ğŸ˜Š Soy Rancagua GPT tu asistente virtual municipal. Estoy aquÃ­ para ayudarte con preguntas frecuentes.
Hasta luego,Â¡Hasta luego!
Gracias,Â¡Con gusto! Si necesitas otra cosa solo escrÃ­beme.
Gracia,Â¡Con gusto! Si necesitas otra cosa solo escrÃ­beme.

Â¿CÃ³mo pago el permiso de circulaciÃ³n?,Puedes pagar en lÃ­nea en <a href='https://www.rancagua.cl/pago-de-permiso-de-circulacion/' target='_blank'>Pago en LÃ­nea</a> o presencialmente en nuestros edificios municipales a lo ancho de nuestra comuna ğŸ˜Š.
Â¿cuÃ¡l es la pÃ¡gina web de la Municipalidad?,La pÃ¡gina web del municipio es: <a href='https://www.rancagua.cl' target='_blank'>www.rancagua.cl</a>
web municipal,La pÃ¡gina web del municipio es: <a href='https://www.rancagua.cl' target='_blank'>www.rancagua.cl</a>
Â¿cuÃ¡l es la pÃ¡gina de la muni?,La pÃ¡gina web del municipio es: <a href='https://www.rancagua.cl' target='_blank'>www.rancagua.cl</a>
cual es la pagina de la muni?,La pÃ¡gina web del municipio es:<a href='https://www.rancagua.cl' target='_blank'>www.rancagua.cl</a>
cual es la pÃ¡gina del municipio?,La pÃ¡gina web del municipio es:<a href='https://www.rancagua.cl' target='_blank'>www.rancagua.cl</a>
Â¿DÃ³nde queda la DirecciÃ³n de TrÃ¡nsito?,ğŸš— La DirecciÃ³n de TrÃ¡nsito estÃ¡ en el edificio TomÃ¡s GuaglÃ©n en avenida RepÃºblica  #592 - en la intersecciÃ³n con Chorrillos. <a href='https://maps.app.goo.gl/rVp56n4ikQ8gNujn9' target='_blank'>Click aquÃ­ para ver en el mapa</a>
Â¿CuÃ¡l es el horario del Departamento de Obras?,El Departamento de Obras atiende de lunes a viernes de 08:30 a 14:00 horas.
Â¿CuÃ¡les son los requisitos para postular al descuento del gas?,Debes presentar Registro Social de Hogares fotocopia de cÃ©dula y formulario en la DIDECO.
Â¿DÃ³nde pago la patente municipal?,Puedes pagar en lÃ­nea en  o presencialmente en la municipalidad.
Â¿DÃ³nde estÃ¡ el Terminal Rodoviario?,ğŸšŒ El Terminal Rodoviario estÃ¡ en Doctor Salinas 1165 frente al Mercado Modelo.
Â¿QuÃ© es el Mercado Modelo?,Es el mercado central de Rancagua ubicado entre Bombero Ruiz DÃ­az Doctor Salinas y Av. ViÃ±a del Mar.
Â¿DÃ³nde estÃ¡ el Museo Regional?,ğŸ›ï¸ El Museo Regional estÃ¡ en Paseo del Estado 685 al lado de las casas coloniales del ochavo y pilar.
Â¿QuÃ© es la Plaza de los HÃ©roes?,Es la plaza central de Rancagua cruzada por Estado GermÃ¡n Riesco y Paseo Independencia con monumentos histÃ³ricos.
Â¿QuÃ© es el Paseo Independencia?,Es una calle peatonal entre la Plaza de los HÃ©roes y Av. San MartÃ­n con tiendas comerciales.
Â¿DÃ³nde estÃ¡ la Alameda de Rancagua?,La Avenida Libertador Bernardo O'Higgins es la Alameda central recorre gran parte del centro histÃ³rico. Se encuentra en el bandejÃ³n central de la ciudad y es una de sus principales arterias viales.
Â¿CÃ³mo agendo hora para licencia de conducir?,Debes agendar hora en la DirecciÃ³n de TrÃ¡nsito llevar tu cÃ©dula - certificado mÃ©dico y aprobar examen.
Â¿CuÃ¡nto cuesta el permiso de circulaciÃ³n?,El valor varÃ­a segÃºn tipo de vehÃ­culo y aÃ±o puedes consultar en lÃ­nea en <a href='https://www.rancagua.cl' target='_blank'>www.rancagua.cl</a>
Â¿A quÃ© hora cierra la municipalidad?,La municipalidad atiende de lunes a viernes de 08:30 a 13:00 hrs.
Â¿DÃ³nde pago contribuciones?,Puedes pagar en lÃ­nea en <a href='https://www.tgr.cl/contribuciones/' target='_blank'>https://www.tgr.cl/contribuciones/</a>
Â¿cuanto cuestas?, Nada :c
Â¿cÃ³mo postulo al subsidio de aseo?,Solamente tienes que enviar tus antecedentes mediante el siguiente formulario: <a href='https://forms.rancagua.cl/dideco/subsidio-derecho-aseo/' target='_blank'>forms.rancagua.cl/dideco/subsidio-derecho-aseo/</a>





Â¿DÃ³nde queda Rancagua?,Rancagua estÃ¡ en la zona central de Chile y es la capital de la regiÃ³n de Oâ€™Higgins.
Â¿QuÃ© significa que Rancagua es tierra fÃ©rtil?,Que tiene buenos suelos y clima para la agricultura y viÃ±edos lo que la hace muy productiva.
Â¿CuÃ¡l es la tradiciÃ³n huasa de Rancagua?,Es la cultura del campo chileno con rodeos trillas y costumbres rurales que se mantienen vivas.
Â¿QuiÃ©n fundÃ³ Rancagua?,La fundÃ³ JosÃ© Antonio Manso de Velasco en 1743 con el nombre de Villa Santa Cruz de Triana.
Â¿QuÃ© es el damero fundacional?,Es el trazado original de la ciudad con calles en forma de cuadrÃ­cula que aÃºn se conserva en el centro.
Â¿QuÃ© pasÃ³ en la Batalla de Rancagua?,Fue una batalla muy importante entre patriotas y realistas que marca un punto de inflexiÃ³n en el proceso de la independencia.
Â¿DÃ³nde se refugiaron los soldados de Oâ€™Higgins?,En la Iglesia de La Merced que hoy estÃ¡ en reconstrucciÃ³n. Puedes ir a visitarla TODOS los dÃ­as del aÃ±o :)
Â¿QuÃ© importancia tiene la Plaza de Los HÃ©roes?,AhÃ­ tambiÃ©n se luchÃ³ en la batalla y es especial porque convergen solo cuatro calles.
Â¿QuÃ© puedo visitar en el Paseo Estado?,AhÃ­ estÃ¡ el Museo Regional con casas coloniales como la del Pilar de Esquina y la del Ochavo.
Â¿QuÃ© es la Casa del Ochavo?,Una casona histÃ³rica del siglo XVIII que forma parte del Museo Regional de Rancagua.
Â¿DÃ³nde queda la Casa de la Cultura?,Una cuadra al sur del museo es un edificio colonial restaurado que fue refugio de los realistas. Actualmente su direcciÃ³n es Avenida Cachapoal #90. Puedes ir a visitarla y obtener informaciÃ³n en el departamento de turismo 
Â¿Rancagua tiene museos?,Â¡SÃ­! El Museo Regional de Rancagua estÃ¡ formado por dos casas coloniales en el Paseo Estado.
Â¿Vale la pena visitar Rancagua?,Â¡SÃ­! Es una ciudad con historia patrimonio cultura y tradiciones del campo chileno.
Â¿Hay viÃ±edos en Rancagua?,SÃ­ Rancagua y sus alrededores tienen viÃ±edos que forman parte de su tradiciÃ³n agrÃ­cola.
Â¿Rancagua tiene relaciÃ³n con el cobre?,SÃ­ tambiÃ©n estÃ¡ vinculada a la minerÃ­a del cobre una actividad muy importante en la zona. Los principales asentamientos 


















































cuÃ¡ntas ordenanzas tienes?, como me encuentro en fase de demostraciÃ³n tengo en mi base de datos sola la ordenanza de tenencia responsable y el PLADECO
Â¿cuÃ¡ntas ordenanzas tienes?, como me encuentro en fase de demostraciÃ³n tengo en mi base de datos sola la ordenanza de tenencia responsable y el PLADECO
cuantas ordenanzas tienes, como me encuentro en fase de demostraciÃ³n tengo en mi base de datos sola la ordenanza de tenencia responsable y el PLADECO
Â¿DÃ³nde encuentro la ordenanza de tenencia responsable?,Claro aquÃ­ tienes: <a href='https://drive.google.com/file/d/1V3njLoQHLHk40GI-0x3YPNU3bzZBkSv3/view?usp=drive_link' target='_blank'>ğŸ“„ Ver Ordenanza de Tenencia Responsable (PDF)</a>
Â¿DÃ³nde encuentro la ordenanza de mascotas?,Claro aquÃ­ tienes: <a href='https://drive.google.com/file/d/1V3njLoQHLHk40GI-0x3YPNU3bzZBkSv3/view?usp=drive_link' target='_blank'>ğŸ“„ Ver Ordenanza de Tenencia Responsable (PDF)</a>
Dame la ordenanza de mascotas,Claro aquÃ­ tienes: <a href='https://drive.google.com/file/d/1V3njLoQHLHk40GI-0x3YPNU3bzZBkSv3/view?usp=drive_link' target='_blank'>ğŸ“„ Ver Ordenanza de Tenencia Responsable (PDF)</a>
PLADECO,AquÃ­ tienes: <a href='https://drive.google.com/file/d/1X3MizR191sKR5Jkaorv679RKofhIvTq9/view?usp=sharing'target='_blank'>ğŸ“„Ver PLADECO 2023-2026 (PDF)</a>
Dame el PLADECO,Claro aquÃ­ tienes: <a href='https://drive.google.com/file/d/1X3MizR191sKR5Jkaorv679RKofhIvTq9/view?usp=sharing'target='_blank'>ğŸ“„Ver PLADECO 2023-2026 (PDF)</a>
Â¿DÃ³nde encuentro el PLADECO?,AquÃ­ tienes: <a href='https://drive.google.com/file/d/1X3MizR191sKR5Jkaorv679RKofhIvTq9/view?usp=sharing'target='_blank'>ğŸ“„Ver PLADECO 2023-2026 (PDF)</a>
Â¿cuÃ¡ntos aÃ±os dura el PLADECO?,El Plan de Desarrollo Comunal (PLADECO) serÃ¡ modificado el 2026 - al menos en esta ocaciÃ³n en la comuna de Rancagua abarca un periodo de 3 aÃ±os desde el 2023 finalizando el 2026.
Â¿DÃ³nde encuentro la Ordenanza de GestiÃ³n Ambiental?,AquÃ­ tienes: <a href='https://drive.google.com/file/d/1v9_GZHTDKguDZPv4YcQZLhpRRhfOY2W7/view?usp=sharing'target='_blank'>ğŸ“„Ver Ordenanza de GestiÃ³n Ambiental (PDF)</a>
Ordenanza de GestiÃ³n Ambiental,Claro aquÃ­ tienes: <a href='https://drive.google.com/file/d/1v9_GZHTDKguDZPv4YcQZLhpRRhfOY2W7/view?usp=sharing'target='_blank'>ğŸ“„Ver Ordenanza de GestiÃ³n Ambiental (PDF)</a>
Dame la Ordenanza de GestiÃ³n Ambiental,Claro aquÃ­ tienes: <a href='https://drive.google.com/file/d/1v9_GZHTDKguDZPv4YcQZLhpRRhfOY2W7/view?usp=sharing'target='_blank'>ğŸ“„Ver Ordenanza de GestiÃ³n Ambiental (PDF)</a>
Tienes la Ordenanza de GestiÃ³n Ambiental?,Claro aquÃ­ tienes: <a href='https://drive.google.com/file/d/1v9_GZHTDKguDZPv4YcQZLhpRRhfOY2W7/view?usp=sharing'target='_blank'>ğŸ“„Ver Ordenanza de GestiÃ³n Ambiental (PDF)</a>
Tienes la Ordenanza de participaciÃ³n?,Claro aquÃ­ tienes: <a href='https://drive.google.com/file/d/1E-Xp4I5mZIZSqsCEa0rqC5cYa7A_C6rM/view?usp=sharing'target='_blank'>ğŸ“„Ver Ordenanza de participaciÃ³n (PDF)</a>
Ordenanza de participacion, AquÃ­ tienes: <a href='https://drive.google.com/file/d/1E-Xp4I5mZIZSqsCEa0rqC5cYa7A_C6rM/view?usp=sharing'target='_blank'>ğŸ“„Ver Ordenanza de participaciÃ³n (PDF)</a>
ordenanza de participaciÃ³n, AquÃ­ tienes: <a href='https://drive.google.com/file/d/1E-Xp4I5mZIZSqsCEa0rqC5cYa7A_C6rM/view?usp=sharing'target='_blank'>ğŸ“„Ver Ordenanza de participaciÃ³n (PDF)</a>
Â¿DÃ³nde encuentro la Ordenanza de participaciÃ³n?,Claro aquÃ­ tienes: <a href='https://drive.google.com/file/d/1E-Xp4I5mZIZSqsCEa0rqC5cYa7A_C6rM/view?usp=sharing'target='_blank'>ğŸ“„Ver Ordenanza de participaciÃ³n (PDF)</a>
Â¿Tienes la Ordenanza de participaciÃ³n?,Claro aquÃ­ tienes: <a href='https://drive.google.com/file/d/1E-Xp4I5mZIZSqsCEa0rqC5cYa7A_C6rM/view?usp=sharing'target='_blank'>ğŸ“„Ver Ordenanza de participaciÃ³n (PDF)</a>
Ordenanza de participaciÃ³n?,AquÃ­ tienes: <a href='https://drive.google.com/file/d/1E-Xp4I5mZIZSqsCEa0rqC5cYa7A_C6rM/view?usp=sharing'target='_blank'>ğŸ“„Ver Ordenanza de participaciÃ³n (PDF)</a>
Tienes la Ordenanza de participaciÃ³n?,Claro aquÃ­ tienes: <a href='https://drive.google.com/file/d/1E-Xp4I5mZIZSqsCEa0rqC5cYa7A_C6rM/view?usp=sharing'target='_blank'>ğŸ“„Ver Ordenanza de participaciÃ³n (PDF)</a>
Dame la Ordenanza de participaciÃ³n?,Claro aquÃ­ tienes: <a href='https://drive.google.com/file/d/1E-Xp4I5mZIZSqsCEa0rqC5cYa7A_C6rM/view?usp=sharing'target='_blank'>ğŸ“„Ver Ordenanza de participaciÃ³n (PDF)</a>
Muestra la ORDENANZA DE DERECHOS MUNICIPALES, AquÃ­ tienes: <a href='https://drive.google.com/file/d/1WdoqdEf8ptOhigVePQwNaH5QNSr-6DMa/view?usp=sharing'_blank'>ğŸ“„Ver Ordenanza de Derechos Municipales por permisos - concesiones y serviocios (PDF)</a> 
ORDENANZA DE DERECHOS MUNICIPALES, AquÃ­ tienes: <a href='https://drive.google.com/file/d/1WdoqdEf8ptOhigVePQwNaH5QNSr-6DMa/view?usp=sharing'_blank'>ğŸ“„Ver Ordenanza de Derechos Municipales por permisos - concesiones y serviocios (PDF)</a>
Ordenanza de derechos municipales, AquÃ­ tienes: <a href='https://drive.google.com/file/d/1WdoqdEf8ptOhigVePQwNaH5QNSr-6DMa/view?usp=sharing'_blank'>ğŸ“„Ver Ordenanza de Derechos Municipales por permisos - concesiones y serviocios (PDF)</a>
Dame la ordenanza de de derechos, AquÃ­ tienes: <a href='https://drive.google.com/file/d/1WdoqdEf8ptOhigVePQwNaH5QNSr-6DMa/view?usp=sharing'_blank'>ğŸ“„Ver Ordenanza de Derechos Municipales por permisos - concesiones y serviocios (PDF)</a> 
Ordenanza de derechos, AquÃ­ tienes: <a href='https://drive.google.com/file/d/1WdoqdEf8ptOhigVePQwNaH5QNSr-6DMa/view?usp=sharing'_blank'>ğŸ“„Ver Ordenanza de Derechos Municipales por permisos - concesiones y serviocios (PDF)</a> 
ordenanza por permisos, AquÃ­ tienes: <a href='https://drive.google.com/file/d/1WdoqdEf8ptOhigVePQwNaH5QNSr-6DMa/view?usp=sharing'_blank'>ğŸ“„Ver Ordenanza de Derechos Municipales por permisos - concesiones y serviocios (PDF)</a>
ordenanza por concesiones, AquÃ­ tienes: <a href='https://drive.google.com/file/d/1WdoqdEf8ptOhigVePQwNaH5QNSr-6DMa/view?usp=sharing'_blank'>ğŸ“„Ver Ordenanza de Derechos Municipales por permisos - concesiones y serviocios (PDF)</a> 
Dame la ordenanza de concesiones, AquÃ­ tienes: <a href='https://drive.google.com/file/d/1WdoqdEf8ptOhigVePQwNaH5QNSr-6DMa/view?usp=sharing'_blank'>ğŸ“„Ver Ordenanza de Derechos Municipales por permisos - concesiones y serviocios (PDF)</a> 
ordenanza de concesiones, AquÃ­ tienes: <a href='https://drive.google.com/file/d/1WdoqdEf8ptOhigVePQwNaH5QNSr-6DMa/view?usp=sharing'_blank'>ğŸ“„Ver Ordenanza de Derechos Municipales por permisos - concesiones y serviocios (PDF)</a>
Dame la ordenanza de Concesiones, AquÃ­ tienes: <a href='https://drive.google.com/file/d/1WdoqdEf8ptOhigVePQwNaH5QNSr-6DMa/view?usp=sharing'_blank'>ğŸ“„Ver Ordenanza de Derechos Municipales por permisos - concesiones y serviocios (PDF)</a>
Ordenanza de Concesiones, AquÃ­ tienes: <a href='https://drive.google.com/file/d/1WdoqdEf8ptOhigVePQwNaH5QNSr-6DMa/view?usp=sharing'_blank'>ğŸ“„Ver Ordenanza de Derechos Municipales por permisos - concesiones y serviocios (PDF)</a>
ordenanza de servicios, AquÃ­ tienes: <a href='https://drive.google.com/file/d/1WdoqdEf8ptOhigVePQwNaH5QNSr-6DMa/view?usp=sharing'_blank'>ğŸ“„Ver Ordenanza de Derechos Municipales por permisos - concesiones y serviocios (PDF)</a> 
Dame la ordenanza de servicios, AquÃ­ tienes: <a href='https://drive.google.com/file/d/1WdoqdEf8ptOhigVePQwNaH5QNSr-6DMa/view?usp=sharing'_blank'>ğŸ“„Ver Ordenanza de Derechos Municipales por permisos - concesiones y serviocios (PDF)</a> 
Ordenanza de servicios, AquÃ­ tienes: <a href='https://drive.google.com/file/d/1WdoqdEf8ptOhigVePQwNaH5QNSr-6DMa/view?usp=sharing'_blank'>ğŸ“„Ver Ordenanza de Derechos Municipales por permisos - concesiones y serviocios (PDF)</a>
Dame la Ordenanza de publicidad y propaganda, AquÃ­ tienes: <a href='https://drive.google.com/file/d/1BfGsEx1zz5WkphO5g1D-oSBXNIBXjlqK/view?usp=sharing'_blank'>ğŸ“„Ver Ordenanza de Publicidad y Propaganda (PDF)</a>
Tienes la Ordenanza de Publicidad y propaganda, AquÃ­ tienes: <a href='https://drive.google.com/file/d/1BfGsEx1zz5WkphO5g1D-oSBXNIBXjlqK/view?usp=sharing'_blank'>ğŸ“„Ver Ordenanza de Publicidad y Propaganda (PDF)</a>
Ordenanza de publicidad, AquÃ­ tienes: <a href='https://drive.google.com/file/d/1BfGsEx1zz5WkphO5g1D-oSBXNIBXjlqK/view?usp=sharing'_blank'>ğŸ“„Ver Ordenanza de Publicidad y Propaganda (PDF)</a> 
Ordenanza de Publicidad, AquÃ­ tienes: <a href='https://drive.google.com/file/d/1BfGsEx1zz5WkphO5g1D-oSBXNIBXjlqK/view?usp=sharing'_blank'>ğŸ“„Ver Ordenanza de Publicidad y Propaganda (PDF)</a> 
Ordenanza de publicida, AquÃ­ tienes: <a href='https://drive.google.com/file/d/1BfGsEx1zz5WkphO5g1D-oSBXNIBXjlqK/view?usp=sharing'_blank'>ğŸ“„Ver Ordenanza de Publicidad y Propaganda (PDF)</a>
Ordenanza de propaganda, AquÃ­ tienes: <a href='https://drive.google.com/file/d/1BfGsEx1zz5WkphO5g1D-oSBXNIBXjlqK/view?usp=sharing'_blank'>ğŸ“„Ver Ordenanza de Publicidad y Propaganda (PDF)</a> 
ordenanza de Propaganda, AquÃ­ tienes: <a href='https://drive.google.com/file/d/1BfGsEx1zz5WkphO5g1D-oSBXNIBXjlqK/view?usp=sharing'_blank'>ğŸ“„Ver Ordenanza de Publicidad y Propaganda (PDF)</a>
Ordenanza de Publicida, AquÃ­ tienes: <a href='https://drive.google.com/file/d/1BfGsEx1zz5WkphO5g1D-oSBXNIBXjlqK/view?usp=sharing'_blank'>ğŸ“„Ver Ordenanza de Publicidad y Propaganda (PDF)</a>
Dame la Ordenanza de Ferias y Persas, AquÃ­ tienes: <a href='https://drive.google.com/file/d/1QWkMrq-1T6ohOospCZtk4ekZ-A-n_5hC/view?usp=sharing'_blank'>ğŸ“„Ver Ordenanza de Ferias y Persas (PDF)</a>
Ordenanza de Ferias, AquÃ­ tienes: <a href='https://drive.google.com/file/d/1QWkMrq-1T6ohOospCZtk4ekZ-A-n_5hC/view?usp=sharing'_blank'>ğŸ“„Ver Ordenanza de Ferias y Persas (PDF)</a>
Ordenanza de Ferias, AquÃ­ tienes: <a href='https://drive.google.com/file/d/1QWkMrq-1T6ohOospCZtk4ekZ-A-n_5hC/view?usp=sharing'_blank'>ğŸ“„Ver Ordenanza de Ferias y Persas (PDF)</a>
Tienes la Ordenanza de Ferias y Persas, AquÃ­ tienes: <a href='https://drive.google.com/file/d/1QWkMrq-1T6ohOospCZtk4ekZ-A-n_5hC/view?usp=sharing'_blank'>ğŸ“„Ver Ordenanza de Ferias y Persas (PDF)</a>
Pasame la Ordenanza de Ferias y Persas, AquÃ­ tienes: <a href='https://drive.google.com/file/d/1QWkMrq-1T6ohOospCZtk4ekZ-A-n_5hC/view?usp=sharing'_blank'>ğŸ“„Ver Ordenanza de Ferias y Persas (PDF)</a>
Pasame la Ordenanza de Ferias, AquÃ­ tienes: <a href='https://drive.google.com/file/d/1QWkMrq-1T6ohOospCZtk4ekZ-A-n_5hC/view?usp=sharing'_blank'>ğŸ“„Ver Ordenanza de Ferias y Persas (PDF)</a>









Â¿QuiÃ©n es el Alcalde de Rancagua?, El actual alcalde de Rancagua es Don Raimundo Agliati Marchant.
Â¿CuÃ¡l es el nombre del Alcalde?, El actual alcalde de Rancagua es Don Raimundo Agliati Marchant.
Â¿CÃ³mo se llama el Alcalde?, El actual alcalde de Rancagua es Don Raimundo Agliati Marchant.

Â¿Donde estÃ¡ la SECPLAC?, La secretarÃ­a de PlanificaciÃ³n Comunal o SECPLAC por sus siglas. Se encuentra ubicada en el tercer piso del Edificio Central de la Municipalidad de Rancagua. 
Â¿CuÃ¡l es el nombre del Director de SEPLAC?,Pablo Fuentes Flores		
nombre del secplac,Pablo Fuentes Flores	
Â¿QuiÃ©n es el SECPLAC?,Pablo Fuentes 
Â¿QuiÃ©n es el director de secplac?,Pablo Fuentes 
Â¿QuiÃ©n es el Director de SECPLAC?,Pablo Fuentes 
QuiÃ©n es el SECPLAC?,Pablo Fuentes Flores
quiÃ©n es el director SECPLAC?,Pablo Fuentes Flores
Â¿CuÃ¡l es el nÃºmero del Director de SEPLAC?,722-443540
NÃºmero del director de SECPLAC,722-443540
numero del secplac,722-443540
TelÃ©fono del director de secplac,722-443540

















